locus,ref,alt,es,p,fdr,which_group
Acerv_scaffold_142-237540,C,T,-1.879355544403316,2.796329203852993e-7,0.01403371344923385,top_ten
Acerv_scaffold_142-238051,A,G,-3.1715462235120917,5.582799802314703e-7,0.01403371344923385,top_ten
Acerv_scaffold_21-1168100,C,T,-2.2694779542867205,5.55987412736928e-7,0.01403371344923385,top_ten
Acerv_scaffold_8-1949650,T,A,-2.682132623648687,6.120702319756143e-7,0.01403371344923385,top_ten
Acerv_scaffold_8-1955794,T,C,2.1923545075384094,2.2110381038920213e-7,0.01403371344923385,top_ten
Acerv_scaffold_142-262712,T,C,-1.969026437276284,8.56325987339561e-7,0.01702898421683324,top_ten
Acerv_scaffold_85-125629,T,C,-2.1402902908332098,1.206486244450453e-6,0.02181118736887832,top_ten
Acerv_scaffold_42-1254912,G,T,-2.1552351589094405,2.2772176986837652e-6,0.03881569618096733,top_ten
Acerv_scaffold_115-670368,G,T,1.8448794984780488,2.6920880109826073e-6,0.04461260949600102,top_ten
Acerv_scaffold_15-1680128,A,G,2.7066402929210773,2.91677801396972e-6,0.04767397747693418,top_ten
Acerv_scaffold_15-1286727,C,T,-2.4699455844731326,4.288360950754087e-6,0.0544332604485899,top_63
Acerv_scaffold_15-1538050,A,C,-2.4699455844731326,4.288360950754087e-6,0.0544332604485899,top_63
Acerv_scaffold_40-18649,A,C,-2.072526329652171,4.938689764326559e-6,0.06202817590886803,top_63
Acerv_scaffold_152-195238,A,G,-2.0539456235144327,6.222870239271074e-6,0.07279330580304029,top_63
Acerv_scaffold_8-1959563,G,A,2.637941505193223,6.543491985718843e-6,0.07580070056924475,top_63
Acerv_scaffold_109-363149,T,C,-1.859296830128854,7.700866004103408e-6,0.08206980277612372,top_63
Acerv_scaffold_40-2534488,T,A,-2.0121790504018633,7.703720949914645e-6,0.08206980277612372,top_63
Acerv_scaffold_37-1588096,A,C,2.0240401949061124,7.790526815962917e-6,0.08226010370703726,top_63
Acerv_scaffold_17-3251399,T,G,3.0493657051680305,8.680958459259799e-6,0.0875465550663607,top_63
Acerv_scaffold_176-62160,C,T,2.976769683510208,9.102109189239564e-6,0.0875465550663607,top_63
Acerv_scaffold_60-1448757,C,T,-2.348862359468699,1.0209642501632344e-5,0.09228635079623224,top_63
Acerv_scaffold_8-996633,G,A,-2.305252596665977,1.1735459392152456e-5,0.10367283564275089,top_63
Acerv_scaffold_115-330494,T,G,-2.309719143609307,1.215720026167249e-5,0.10587998545561109,top_63
Acerv_scaffold_76-1206094,C,T,2.087518092928229,1.3290093914932776e-5,0.11326634425789056,top_63
Acerv_scaffold_37-1534822,C,A,-2.117025421725108,1.415496579964922e-5,0.11893819664298776,top_63
Acerv_scaffold_8-1941097,A,G,1.338888337970172,1.4073250424934476e-5,0.11893819664298776,top_63
Acerv_scaffold_8-1993636,T,C,2.381192345737719,1.5896992956068038e-5,0.13264161886307607,top_63
Acerv_scaffold_49-1348842,A,G,2.5176744647274822,1.7081102036797615e-5,0.13567006232170625,top_63
Acerv_scaffold_7-2232953,C,T,-1.972128067508926,2.027230725100987e-5,0.13743311223555937,top_63
Acerv_scaffold_48-558564,C,G,-1.3337842034499043,2.421541190739919e-5,0.15287304848626382,top_63
Acerv_scaffold_19-2453628,C,A,-1.5727672179471834,2.808187223379804e-5,0.17116697917134527,top_63
Acerv_scaffold_21-3409508,A,C,1.9782728943458323,3.112998063989581e-5,0.17116697917134527,top_63
Acerv_scaffold_86-114440,A,G,0.8843303697723965,3.0333655196984916e-5,0.17116697917134527,top_63
Acerv_scaffold_144-379014,G,A,-1.9293900219026792,3.240770893728755e-5,0.1773751212929708,top_63
Acerv_scaffold_37-1494898,C,A,-2.0927179849369235,3.28723042086995e-5,0.17909641882866276,top_63
Acerv_scaffold_13-1027875,A,G,1.5686599032550783,3.375004057009945e-5,0.1830427313948331,top_63
Acerv_scaffold_4-3920328,C,G,1.1687234020567383,3.5564884668413484e-5,0.18776465124014263,top_63
Acerv_scaffold_103-847291,C,A,1.4079212772643763,4.326855629151141e-5,0.1926011304201727,top_63
Acerv_scaffold_118-357353,G,C,-2.647583269341977,3.999333189520969e-5,0.1926011304201727,top_63
Acerv_scaffold_132-504563,A,T,-1.7356560355291089,3.9056714177271006e-5,0.1926011304201727,top_63
Acerv_scaffold_189-48176,A,C,-1.5883627348133835,4.928835930237304e-5,0.2115438651632202,top_63
Acerv_scaffold_15-458746,C,G,1.723219466114064,4.964902382567355e-5,0.2115697398642272,top_63
Acerv_scaffold_84-621937,C,T,-2.009729184986709,5.0878139543251326e-5,0.21603582294043777,top_63
Acerv_scaffold_118-180513,T,C,1.717306684445662,5.239627171853056e-5,0.22166665345626735,top_63
Acerv_scaffold_155-23107,A,G,1.555366595316904,5.641940908658398e-5,0.23169148052285904,top_63
Acerv_scaffold_142-143420,C,T,-1.2295008104841991,6.020689476862053e-5,0.2332364279334282,top_63
Acerv_scaffold_8-1950116,A,G,-1.382114786360242,6.150177020861983e-5,0.2351981447203144,top_63
Acerv_scaffold_7-2200291,T,A,2.455024495156813,6.423580499631548e-5,0.2393692483872705,top_63
Acerv_scaffold_8-1180495,C,T,-1.8885663415179588,6.303108766824938e-5,0.2393692483872705,top_63
Acerv_scaffold_86-139652,A,G,-1.7350654552080225,6.56318178334509e-5,0.24021366121799775,top_63
Acerv_scaffold_60-71301,G,A,1.7236942364916397,6.757423062910848e-5,0.24656658857128697,top_63
Acerv_scaffold_193-57615,C,T,-2.519958335360238,6.963733141160236e-5,0.2525498363861883,top_63
Acerv_scaffold_21-1948858,G,A,1.5815863930194896,7.207048467907156e-5,0.25948559120624887,top_63
Acerv_scaffold_15-3733530,G,A,2.3066408438902046,7.909544698452471e-5,0.28087499433552804,top_63
Acerv_scaffold_76-1185173,G,T,1.5374447449762834,8.047108867055874e-5,0.28491206820384535,top_63
Acerv_scaffold_247-18130,C,T,-1.6373599011509516,8.219251804227707e-5,0.2892900235469958,top_63
Acerv_scaffold_115-303807,G,A,-1.2368171979011595,8.453685946896783e-5,0.29389747849928655,top_63
Acerv_scaffold_74-90869,A,G,1.626318091043104,8.69794553704503e-5,0.29389747849928655,top_63
Acerv_scaffold_4-4442508,C,A,-2.5346010578656823,9.139588717809584e-5,0.30546348773316506,top_63
Acerv_scaffold_27-1200170,T,C,-2.2992651625603693,9.353967170165166e-5,0.311755184149645,top_63
Acerv_scaffold_34-2402117,G,T,1.8859575726617288,9.533230179222504e-5,0.31335333663973,top_63
Acerv_scaffold_48-1868781,G,A,-1.468334689514455,9.805890139941824e-5,0.3196736260850772,top_63
Acerv_scaffold_21-2030324,C,G,1.6425377208787972,9.904079416617176e-5,0.32199484526450817,top_63
